,isocode,country,Confirmed,Deaths,tests,MaxStringencyIndex,MeanStringencyIndex,MaxFacialCoverings,MeanFacialCoverings,MaxStayHome,MeanStayHome,totalvaccinations,totalbooster,fullyvacnumber
0,AFG,Afghanistan,157445.0,7312.0,0.0,56.02,30.1323692307692,3.0,2.5122699386503102,3.0,0.13538461538461502,5228706.0,0.0,3566192.0
1,ALB,Albania,201730.0,3110.0,81840662.0,63.89,49.158251533742295,4.0,3.0460122699386503,2.0,2.0,2130714.0,78250.0,971974.0
2,DZA,Algeria,211469.0,6103.0,0.0,85.19,59.86918674698789,3.0,3.0,2.0,1.78593272171254,12145830.0,25381.0,5380385.0
3,AND,Andorra,18010.0,132.0,8830188.0,65.74,50.57095384615379,3.0,2.5840978593272204,2.0,0.08,104534.0,0.0,49535.0
4,AGO,Angola,65259.0,1735.0,0.0,65.74,56.662515337423294,4.0,2.9601226993865,2.0,1.06134969325153,9847459.0,0.0,3072475.0
5,ARG,Argentina,5340676.0,116646.0,5144722921.0,84.26,72.205,3.0,2.9654088050314504,2.0,1.8584905660377402,69891521.0,2490555.0,30265301.0
6,ABW,Aruba,,,0.0,67.59,42.8272085889571,3.0,2.3650306748466297,2.0,1.1319018404908,161913.0,0.0,78159.0
7,AUS,Australia,219121.0,2056.0,5366082762.0,78.24,61.7666666666667,4.0,2.8226299694189603,2.0,1.02752293577982,39652404.0,536892.0,19008755.0
8,AUT,Austria,1198478.0,12796.0,17248306948.0,82.41,65.4870570570571,3.0,2.48929663608563,2.0,0.8807339449541279,14457526.0,2341624.0,6051450.0
9,AZE,Azerbaijan,596388.0,7967.0,685653599.0,89.81,64.4420958083832,4.0,2.8960244648318,2.0,0.9296636085626909,10702988.0,1011169.0,4593278.0
10,BHS,Bahamas,22825.0,695.0,5063656.0,68.98,58.0119018404908,4.0,3.3680981595092003,3.0,1.9539877300613502,280176.0,0.0,138266.0
11,BHR,Bahrain,277831.0,1394.0,1311759560.0,62.96,49.463633633633606,4.0,3.34504792332268,2.0,1.12232415902141,2982080.0,0.0,1162095.0
12,BGD,Bangladesh,1577443.0,28001.0,2240310051.0,93.52,74.3495833333333,4.0,3.7916666666666696,3.0,2.10576923076923,102108505.0,0.0,37824243.0
13,BRB,Barbados,26095.0,238.0,0.0,74.07,64.0639556962025,4.0,2.95253164556962,2.0,1.83544303797468,292080.0,0.0,138096.0
14,BLR,Belarus,663813.0,5162.0,695620893.0,43.52,36.226614906832296,3.0,2.3229813664596297,1.0,0.7080745341614909,6331049.0,0.0,2712219.0
15,BEL,Belgium,1827467.0,27167.0,4995732505.0,75.93,53.711771771771794,3.0,2.8562691131498505,2.0,1.0305810397553499,19226776.0,2083019.0,8712921.0
16,BLZ,Belize,30680.0,579.0,7794269.0,73.15,63.8585625,4.0,3.259375,2.0,1.71875,412002.0,0.0,195230.0
17,BEN,Benin,24863.0,161.0,640586.0,55.56,39.744174174174205,4.0,3.63302752293578,1.0,0.345565749235474,383501.0,0.0,297726.0
18,BMU,Bermuda,,,0.0,79.63,51.4521230769231,3.0,2.01538461538462,2.0,1.32307692307692,101341.0,5512.0,47365.0
19,BTN,Bhutan,2641.0,3.0,176547092.0,81.94,61.366717791411,4.0,3.49693251533742,2.0,1.41717791411043,1153555.0,0.0,564340.0
20,BOL,Bolivia,543390.0,19222.0,504632403.0,56.48,33.118498498498504,4.0,3.9543973941368105,2.0,0.7823343848580441,8691198.0,374712.0,4190248.0
21,BIH,Bosnia and Herzegovina,277228.0,12687.0,222357574.0,45.37,39.1321921921922,3.0,2.53211009174312,2.0,0.902140672782875,1553874.0,0.0,720641.0
22,BWA,Botswana,195302.0,2419.0,115631491.0,73.15,53.1438650306748,4.0,2.89877300613497,2.0,1.69938650306748,1430084.0,0.0,508980.0
23,BRA,Brazil,22143091.0,615636.0,9716857322.0,76.39,60.085141065830705,4.0,3.76175548589342,3.0,2.0564263322884,314612221.0,18014777.0,136905306.0
24,BRN,Brunei,15186.0,98.0,0.0,79.63,52.7952424242424,4.0,2.6666666666666696,2.0,0.660550458715596,756080.0,0.0,351709.0
25,BGR,Bulgaria,703160.0,28852.0,597112256.0,62.96,47.53695384615379,4.0,2.87692307692308,1.0,0.0676923076923077,3400750.0,0.0,1802611.0
26,BFA,Burkina Faso,16000.0,286.0,0.0,30.56,19.6057556270096,4.0,3.35197368421053,2.0,0.213166144200627,661796.0,0.0,297231.0
27,BDI,Burundi,20439.0,38.0,0.0,27.31,15.515214723926402,3.0,1.17791411042945,0.0,0.0,1711.0,0.0,914.0
28,KHM,Cambodia,120256.0,2960.0,64925980.0,73.15,64.32066037735851,4.0,3.05345911949686,3.0,1.77672955974843,28843614.0,2322719.0,13414877.0
29,CMR,Cameroon,107148.0,1804.0,0.0,41.67,31.186837349397603,3.0,3.0,0.0,0.0,953375.0,0.0,595316.0
30,CAN,Canada,1815686.0,29821.0,11534983641.0,75.46,70.5966066066066,3.0,3.0,2.0,1.4770642201834898,62032800.0,2117739.0,29099443.0
31,CPV,Cape Verde,,,0.0,64.81,54.9300600600601,3.0,2.92354740061162,1.0,1.0,544075.0,0.0,246960.0
32,CAF,Central African Republic,11742.0,101.0,0.0,27.78,15.4404347826087,3.0,1.84876543209877,2.0,0.767801857585139,422496.0,0.0,321982.0
33,TCD,Chad,5703.0,181.0,0.0,74.07,28.969096774193503,4.0,4.0,2.0,0.470967741935484,258618.0,0.0,72824.0
34,CHL,Chile,1772547.0,38501.0,5278058590.0,84.72,68.9740419161677,3.0,2.64831804281346,3.0,2.2813455657492403,41532402.0,8980522.0,16221873.0
35,CHN,China,111741.0,4849.0,0.0,79.17,73.45224358974359,4.0,2.47435897435897,3.0,2.5416666666666696,2553028000.0,0.0,0.0
36,COL,Colombia,5081064.0,128780.0,6202046774.0,81.02,62.5423100303951,4.0,2.53680981595092,3.0,2.36085626911315,58590490.0,0.0,25168977.0
37,COG,Congo,,,0.0,55.56,43.919323076923106,3.0,3.0,2.0,2.0,651411.0,0.0,129711.0
38,CRI,Costa Rica,567383.0,7312.0,388819633.0,66.67,57.7635409836066,3.0,3.0,1.0,1.0,7137983.0,35412.0,3215091.0
39,CIV,Cote d'Ivoire,61824.0,706.0,218174424.0,25.93,20.9078548895899,4.0,3.9274447949526805,1.0,0.981072555205047,3845788.0,0.0,1176366.0
40,HRV,Croatia,631037.0,11218.0,511306401.0,67.59,43.101021021021005,4.0,2.87461773700306,1.0,0.0336391437308868,4245741.0,0.0,1979003.0
41,CUB,Cuba,963090.0,8309.0,584281418.0,81.48,72.30794478527609,4.0,3.30153846153846,2.0,1.72085889570552,28623729.0,0.0,9280509.0
42,CYP,Cyprus,136832.0,601.0,2624616420.0,84.26,57.6252852852853,4.0,2.90214067278287,2.0,1.13149847094801,1339063.0,128838.0,585087.0
43,CZE,Czechia,2240721.0,33665.0,0.0,81.48,51.7800303951368,4.0,2.7094801223241602,2.0,0.5535168195718649,13851362.0,1134875.0,6415104.0
44,COD,Democratic Republic of Congo,,,0.0,52.78,38.1011111111111,3.0,3.0,2.0,1.82874617737003,193416.0,0.0,56167.0
45,DNK,Denmark,514609.0,2959.0,10217259118.0,70.37,49.54003003003,3.0,2.18042813455657,1.0,0.428134556574924,9911854.0,914751.0,4463547.0
46,DJI,Djibouti,13508.0,187.0,0.0,54.63,45.0263580246914,4.0,3.45987654320988,0.0,0.0,104475.0,0.0,26087.0
47,DMA,Dominica,6120.0,39.0,0.0,79.63,44.455956112852704,4.0,2.40752351097179,2.0,1.3291536050156698,55760.0,0.0,26852.0
48,DOM,Dominican Republic,408516.0,4212.0,188401519.0,70.37,63.107545454545495,4.0,3.38837920489297,2.0,1.8654434250764498,13866766.0,1356217.0,5619966.0
49,ECU,Ecuador,526870.0,33250.0,431172513.0,76.85,63.636156156156204,3.0,2.9051987767584104,3.0,1.15596330275229,25309620.0,439649.0,11501793.0
50,EGY,Egypt,363162.0,20727.0,0.0,65.74,49.6985256410256,4.0,3.9935897435897405,1.0,0.4775641025641029,40644158.0,0.0,15515855.0
51,SLV,El Salvador,119803.0,3783.0,83439357.0,47.22,33.653198757764,4.0,3.5217391304347796,2.0,0.31987577639751597,9241093.0,720514.0,4081545.0
52,ERI,Eritrea,7458.0,61.0,0.0,92.59,67.56081081081079,3.0,2.71253822629969,2.0,1.4801223241590198,,,
53,EST,Estonia,224993.0,1823.0,491108374.0,67.59,38.8080606060606,2.0,1.87155963302752,2.0,0.198776758409786,1487367.0,0.0,793696.0
54,SWZ,Eswatini,47504.0,1248.0,0.0,75.0,62.14411042944779,4.0,3.97546012269939,2.0,1.8282208588957098,306445.0,0.0,260763.0
55,ETH,Ethiopia,372215.0,6800.0,750408786.0,51.85,43.8112612612613,4.0,3.1100917431192703,0.0,0.0,10058925.0,0.0,1452584.0
56,FRO,Faeroe Islands,,,0.0,59.26,35.4982282282282,2.0,1.22324159021407,1.0,0.577981651376147,78347.0,0.0,38142.0
57,FJI,Fiji,52543.0,697.0,17196741.0,90.74,67.0327868852459,2.0,1.8429487179487198,2.0,2.0,1237108.0,0.0,585788.0
58,FIN,Finland,191226.0,1360.0,1755360835.0,52.31,44.29117117117121,2.0,1.4281345565749197,1.0,0.9296636085626909,8357278.0,0.0,4054134.0
59,FRA,France,8021237.0,120519.0,0.0,75.0,62.1305120481928,4.0,3.2538226299694197,2.0,1.03975535168196,107043866.0,8760595.0,47303279.0
60,GAB,Gabon,37477.0,280.0,48242298.0,71.3,64.1036809815951,3.0,3.0,2.0,2.0,277979.0,0.0,111626.0
61,GMB,Gambia,9992.0,342.0,5870327.0,45.37,36.058622754491,4.0,2.6972477064220204,1.0,0.125382262996942,268008.0,0.0,222890.0
62,GEO,Georgia,865293.0,12344.0,475893185.0,84.26,55.8301807228916,4.0,2.85932721712538,3.0,1.15290519877676,2238070.0,0.0,1018984.0
63,DEU,Germany,6200937.0,103124.0,2854120708.0,85.19,67.20969969969971,2.0,2.0,2.0,1.3547400611620801,127656766.0,13914334.0,57383300.0
64,GHA,Ghana,130920.0,1209.0,280790023.0,50.93,42.554845679012296,4.0,4.0,1.0,0.477272727272727,3493688.0,0.0,842225.0
65,GRC,Greece,966221.0,18595.0,3699475618.0,88.89,74.0322435897436,4.0,3.1891025641025603,3.0,1.72115384615385,14788422.0,1696563.0,6663358.0
66,GRL,Greenland,,,0.0,55.56,39.516727828746205,2.0,2.0,1.0,0.23241590214067298,77808.0,0.0,37537.0
67,GUM,Guam,,,,62.96,47.768653846153796,3.0,3.0,1.0,0.43910256410256393,,,
68,GTM,Guatemala,619852.0,15986.0,287140734.0,66.2,52.523333333333305,4.0,3.5045871559633,2.0,0.256880733944954,10266743.0,0.0,4176059.0
69,GIN,Guinea,30770.0,387.0,0.0,71.3,58.3861861861862,4.0,3.0672782874617703,2.0,2.0,2493842.0,0.0,813477.0
70,GUY,Guyana,38160.0,1006.0,0.0,71.3,60.232879256965894,4.0,3.22600619195046,2.0,2.0,682779.0,0.0,280637.0
71,HTI,Haiti,25510.0,747.0,0.0,64.81,48.00321321321321,3.0,3.0,2.0,1.92660550458716,184769.0,0.0,66888.0
72,HND,Honduras,378251.0,10412.0,0.0,89.81,77.13297872340421,4.0,3.1498470948012205,3.0,1.51681957186544,7960942.0,0.0,0.0
73,HKG,Hong Kong,,,207666928.0,71.3,66.5947692307692,2.0,2.0,1.0,1.0,9540544.0,0.0,4552531.0
74,HUN,Hungary,1134869.0,35122.0,1391527061.0,79.63,48.324696969697,3.0,2.217125382263,2.0,1.09480122324159,0.0,2765500.0,5867068.0
75,ISL,Iceland,18333.0,35.0,148616910.0,65.74,37.7385889570552,3.0,2.08895705521472,0.0,0.0,665013.0,153073.0,281402.0
76,IND,India,34641561.0,473537.0,129530609663.0,81.94,67.13403614457829,4.0,4.0,3.0,2.5382262996941902,1278763558.0,0.0,477346183.0
77,IDN,Indonesia,4257685.0,143867.0,4835702971.0,71.76,68.7376576576577,4.0,3.8256880733945002,2.0,1.8379204892966399,241441928.0,0.0,99009581.0
78,IRN,Iran,6134465.0,130200.0,4059661925.0,81.48,74.6464,3.0,2.9323076923076896,2.0,1.7969230769230802,107531771.0,1287811.0,48149791.0
79,IRQ,Iraq,2084346.0,23885.0,3056527254.0,84.26,70.989475308642,4.0,3.71296296296296,2.0,1.83641975308642,12268675.0,0.0,4723137.0
80,IRL,Ireland,594250.0,5707.0,1832131819.0,87.96,60.932784431137705,3.0,3.0,2.0,0.788990825688073,8339577.0,913670.0,3798451.0
81,ISR,Israel,1345915.0,8204.0,6413767795.0,87.04,54.9082882882883,3.0,2.31192660550459,2.0,0.244648318042813,16254505.0,4100290.0,5782188.0
82,ITA,Italy,5109082.0,134195.0,22819214855.0,83.33,69.7143333333333,4.0,3.3486238532110093,2.0,1.9021406727828702,98729849.0,8682311.0,44154825.0
83,JAM,Jamaica,91469.0,2410.0,85439727.0,86.11,73.0741741741742,4.0,3.10703363914373,3.0,2.14373088685015,1135059.0,0.0,523049.0
84,JPN,Japan,1727229.0,18360.0,5094600901.0,55.09,49.0042642642643,1.0,1.0,1.0,1.0,197620701.0,0.0,97685248.0
85,JOR,Jordan,975956.0,11761.0,1497659911.0,81.48,53.0727914110429,3.0,2.4018404907975497,2.0,1.4907975460122702,7950684.0,0.0,3776263.0
86,KAZ,Kazakhstan,1058758.0,17895.0,1333645988.0,79.17,65.6731736526946,4.0,3.0886850152905203,2.0,0.7461773700305809,16955745.0,0.0,8176988.0
87,KEN,Kenya,255437.0,5335.0,24131061.0,74.07,58.3448615384615,4.0,3.53538461538462,2.0,1.8338461538461501,7583134.0,0.0,2954835.0
88,KIR,Kiribati,2.0,0.0,0.0,56.94,27.7250306748466,3.0,0.368098159509202,2.0,0.613496932515337,82167.0,0.0,22675.0
89,OWID_KOS,Kosovo,,,100295901.0,75.93,49.5058787878788,4.0,3.2477064220183505,2.0,1.24159021406728,1624584.0,0.0,765669.0
90,KWT,Kuwait,413491.0,2465.0,983138186.0,77.78,58.2639759036145,4.0,3.07033639143731,2.0,0.614678899082569,6578646.0,108687.0,3165385.0
91,KGZ,Kyrgyzstan,183615.0,2758.0,0.0,58.33,49.42153374233129,3.0,2.5398773006135,1.0,0.009202453987730059,2056269.0,0.0,914026.0
92,LAO,Laos,,,30429426.0,86.11,51.9187687687688,4.0,3.44036697247706,2.0,1.07645259938838,5830021.0,0.0,3099003.0
93,LVA,Latvia,257329.0,4267.0,951880234.0,70.37,51.0765950920245,3.0,2.68098159509202,2.0,0.17177914110429401,2220155.0,0.0,1207491.0
94,LBN,Lebanon,678801.0,8775.0,112679216.0,92.59,68.5708734939759,4.0,2.8226299694189603,3.0,1.8960244648318,3660210.0,0.0,1710771.0
95,LSO,Lesotho,21838.0,663.0,0.0,85.19,57.26279874213839,4.0,3.50783699059561,2.0,1.9373040752351103,617671.0,0.0,572287.0
96,LBR,Liberia,5824.0,287.0,0.0,55.56,43.977987987988,4.0,3.1100917431192703,1.0,0.20489296636085602,589628.0,0.0,456623.0
97,LBY,Libya,374989.0,5493.0,0.0,87.96,64.7761458333333,3.0,2.80555555555556,2.0,1.1913580246913602,2377003.0,0.0,666531.0
98,LIE,Liechtenstein,4893.0,62.0,16191005.0,56.48,44.50927710843371,3.0,2.2140672782874598,1.0,1.0,51795.0,1677.0,25165.0
99,LTU,Lithuania,479839.0,6847.0,1239234913.0,74.07,46.685417956656295,3.0,2.16975308641975,2.0,0.6811145510835911,3770993.0,356740.0,1790996.0
100,LUX,Luxembourg,90774.0,880.0,957891376.0,67.59,46.1748648648649,3.0,2.00917431192661,2.0,1.1162079510703402,0.0,0.0,429705.0
101,MAC,Macao,,,0.0,62.04,29.729024390243897,2.0,2.0,0.0,0.0,930802.0,0.0,442605.0
102,MDG,Madagascar,44800.0,972.0,30420998.0,81.48,49.8977917981073,4.0,3.45741324921136,2.0,1.3564668769716102,685440.0,0.0,484570.0
103,MWI,Malawi,61981.0,2307.0,8622726.0,52.78,42.5546012269939,3.0,2.4202453987730097,2.0,0.414110429447853,1476957.0,0.0,617998.0
104,MYS,Malaysia,2658772.0,30614.0,6203002854.0,85.19,70.1256626506024,3.0,3.0,2.0,1.6452599388379199,53875223.0,2798233.0,25420679.0
105,MLI,Mali,17915.0,618.0,0.0,51.85,44.3155555555556,3.0,3.0,1.0,0.4250764525993879,847067.0,0.0,320681.0
106,MLT,Malta,39934.0,468.0,327974281.0,75.0,52.6006306306306,4.0,3.55351681957187,0.0,0.0,971433.0,132189.0,432844.0
107,MRT,Mauritania,39558.0,840.0,2715696.0,59.26,42.7884384384384,3.0,3.0,2.0,1.56880733944954,1759659.0,0.0,684075.0
108,MUS,Mauritius,22090.0,240.0,0.0,97.22,53.9443251533742,4.0,3.21165644171779,3.0,0.699386503067485,1875132.0,0.0,914936.0
109,MEX,Mexico,3901263.0,295203.0,2481914421.0,71.76,49.92079027355621,4.0,4.0,2.0,1.3119266055045902,134370326.0,0.0,65422436.0
110,MDA,Moldova,366256.0,9217.0,76938074.0,73.15,50.4394879518072,4.0,2.91503267973856,3.0,1.08256880733945,1644452.0,0.0,944930.0
111,MCO,Monaco,3885.0,36.0,0.0,62.96,46.9794984326019,4.0,2.5768025078369905,2.0,0.996865203761755,49980.0,0.0,23308.0
112,MNG,Mongolia,383682.0,2017.0,639244624.0,96.3,60.9573493975904,4.0,3.6880733944954103,2.0,1.32721712538226,4414941.0,0.0,2153408.0
113,MAR,Morocco,950591.0,14788.0,2136598273.0,86.11,70.6237048192771,3.0,3.0,2.0,1.93272171253823,48851348.0,0.0,22764566.0
114,MOZ,Mozambique,151924.0,1941.0,164005123.0,65.74,53.24970059880239,4.0,3.0642201834862406,3.0,2.20183486238532,10503956.0,0.0,3931200.0
115,MMR,Myanmar,,,674068725.0,90.74,72.7694594594595,4.0,3.99388379204893,3.0,2.09174311926605,28100411.0,0.0,11615096.0
116,NAM,Namibia,129796.0,3574.0,152524876.0,87.04,47.2340840840841,4.0,2.9357798165137594,2.0,1.7217125382263,674589.0,0.0,307891.0
117,NPL,Nepal,822592.0,11541.0,1029509594.0,97.22,57.7547147147147,4.0,3.9755351681957203,3.0,0.9571865443425078,18317508.0,0.0,8437860.0
118,NLD,Netherlands,2793527.0,20118.0,497727398.0,82.41,59.040757575757596,3.0,2.03363914373089,2.0,0.8287461773700309,24693092.0,0.0,0.0
119,NZL,New Zealand,12333.0,44.0,645825434.0,96.3,42.479386503067495,3.0,2.2760736196319,2.0,0.601226993865031,7736783.0,121522.0,3688689.0
120,NIC,Nicaragua,17254.0,213.0,0.0,13.89,7.1244654088050305,2.0,1.2012578616352199,0.0,0.0,6376188.0,0.0,2322298.0
121,NER,Niger,,,0.0,34.26,25.6776576576577,3.0,2.78593272171254,0.0,0.0,971636.0,0.0,464413.0
122,NGA,Nigeria,214622.0,2980.0,128449920.0,58.33,50.193753753753796,4.0,3.0672782874617703,2.0,1.85321100917431,10119982.0,0.0,3595400.0
123,NOR,Norway,284448.0,1093.0,1938599610.0,73.15,51.061727272727296,2.0,1.67584097859327,1.0,0.81651376146789,8799704.0,703289.0,3850609.0
124,OMN,Oman,304603.0,4113.0,0.0,84.26,57.606369230769204,4.0,2.94339622641509,2.0,1.17901234567901,5934585.0,0.0,2828176.0
125,PAK,Pakistan,1287161.0,28777.0,3968706525.0,78.24,57.27072327044029,4.0,3.4088050314465397,3.0,1.87421383647799,126586512.0,0.0,52303524.0
126,PSE,Palestine,,,0.0,92.59,72.9614759036145,4.0,2.7258566978193097,3.0,1.85015290519878,3024477.0,0.0,1365858.0
127,PAN,Panama,479053.0,7374.0,920595190.0,89.81,68.3815197568389,4.0,4.0,3.0,2.26543209876543,5650424.0,201734.0,2437285.0
128,PNG,Papua New Guinea,35538.0,550.0,431741.0,74.07,55.3271771771772,4.0,2.9877675840978597,2.0,1.20489296636086,467166.0,0.0,197800.0
129,PRY,Paraguay,463260.0,16476.0,445876845.0,76.85,48.861424148606794,3.0,2.97741935483871,2.0,1.7358490566037699,6216388.0,117151.0,2703605.0
130,PER,Peru,2243415.0,201379.0,1240502624.0,86.11,72.8913455657492,4.0,3.8509316770186297,3.0,2.2935779816513797,42111301.0,992007.0,18576645.0
131,PHL,Philippines,2834775.0,49386.0,4659585083.0,81.02,70.76035369774921,4.0,3.5048231511254,3.0,2.09967845659164,91777433.0,509944.0,38168603.0
132,POL,Poland,3671421.0,85675.0,5148674189.0,80.56,55.5675304878049,3.0,2.11009174311927,1.0,1.0,42672883.0,3637272.0,20521241.0
133,PRT,Portugal,1166787.0,18537.0,4387155098.0,87.96,63.2883024691358,3.0,2.78703703703704,2.0,1.0462962962963,17862361.0,1530075.0,9005089.0
134,PRI,Puerto Rico,,,,70.37,43.8168,4.0,2.8006329113923996,2.0,0.88,,,
135,QAT,Qatar,244223.0,611.0,602282436.0,85.19,60.500750750750704,4.0,3.46483180428135,2.0,1.15902140672783,5011447.0,0.0,0.0
136,ROU,Romania,1786036.0,57099.0,1039456225.0,76.85,56.6122392638037,4.0,3.57668711656442,2.0,1.14723926380368,15095967.0,0.0,7507203.0
137,RUS,Russia,9630296.0,275824.0,29754878977.0,61.57,44.742546583850896,3.0,2.35714285714286,3.0,0.6987577639751551,130634456.0,4937582.0,58695024.0
138,RWA,Rwanda,100414.0,1343.0,440218734.0,74.07,60.1568580060423,4.0,2.9357798165137594,2.0,1.9633027522935802,9440343.0,0.0,3452598.0
139,SMR,San Marino,6148.0,93.0,0.0,75.93,49.3356441717791,4.0,2.5306748466257702,2.0,1.16564417177914,47834.0,0.0,22379.0
140,SAU,Saudi Arabia,549912.0,8844.0,7092279096.0,57.41,53.9609509202454,3.0,2.8865030674846603,0.0,0.0,47701071.0,0.0,22620922.0
141,SEN,Senegal,74024.0,1886.0,197230696.0,58.8,30.3796696696697,4.0,3.24159021406728,2.0,0.534375,1910830.0,0.0,924182.0
142,SRB,Serbia,1263663.0,11917.0,1456342693.0,61.11,46.075329153605004,3.0,2.66457680250784,1.0,0.7586206896551719,7963609.0,1554127.0,3136806.0
143,SYC,Seychelles,23599.0,127.0,0.0,84.26,70.8426726726727,4.0,2.7571884984025603,2.0,1.71253822629969,179462.0,0.0,77951.0
144,SLE,Sierra Leone,6402.0,121.0,0.0,60.19,43.2492492492492,4.0,3.1651376146788994,2.0,0.8654434250764529,868726.0,0.0,361089.0
145,SGP,Singapore,269211.0,759.0,562440583.0,58.33,50.706346749226,4.0,4.0,1.0,1.0,10083329.0,0.0,5012181.0
146,SVK,Slovakia,1230343.0,14826.0,10774633579.0,74.07,51.1379566563467,4.0,3.14900662251656,2.0,0.8297213622291021,5001505.0,0.0,2349722.0
147,SVN,Slovenia,430064.0,5303.0,428375293.0,85.19,51.0007294832827,4.0,3.03669724770642,2.0,0.8278145695364242,2714211.0,321652.0,1157918.0
148,SLB,Solomon Islands,20.0,0.0,0.0,38.89,30.805783132530102,4.0,1.1620795107033601,0.0,0.0,208046.0,0.0,46525.0
149,SOM,Somalia,23051.0,1331.0,0.0,60.19,31.4003603603604,3.0,2.782874617737,2.0,0.902140672782875,964433.0,0.0,564612.0
150,ZAF,South Africa,3031694.0,89966.0,4329580516.0,75.0,51.9860303030303,4.0,3.02147239263804,2.0,2.0,26348830.0,0.0,14948436.0
151,KOR,South Korea,,,2388892896.0,67.59,52.24153153153149,3.0,3.0,1.0,0.5535168195718649,86476510.0,3956401.0,41341888.0
152,SSD,South Sudan,12804.0,133.0,9594739.0,77.78,45.2488588588589,3.0,2.3394495412844,2.0,0.776758409785933,218154.0,0.0,133315.0
153,ESP,Spain,5202958.0,88159.0,2165574134.0,78.7,57.010462962963,4.0,3.24382716049383,2.0,1.4660493827160501,77157350.0,5499256.0,37655150.0
154,LKA,Sri Lanka,567682.0,14461.0,1232838794.0,90.74,73.9066265060241,4.0,3.42813455657492,3.0,2.03669724770642,29707010.0,0.0,13763844.0
155,SDN,Sudan,43489.0,3164.0,0.0,64.81,27.6472955974843,4.0,2.56603773584906,3.0,0.36163522012578597,1659666.0,0.0,0.0
156,SUR,Suriname,51009.0,1171.0,0.0,92.59,71.3753012048193,4.0,3.99350649350649,2.0,2.0,479697.0,0.0,221199.0
157,SWE,Sweden,1212145.0,15170.0,0.0,69.44,49.8377245508982,2.0,0.8899082568807339,1.0,0.8287461773700309,16097826.0,1131706.0,7179328.0
158,CHE,Switzerland,1044633.0,11591.0,2539016193.0,60.19,51.3710303030303,3.0,2.4587155963302796,1.0,0.53822629969419,12045452.0,642345.0,5716809.0
159,SYR,Syria,48619.0,2777.0,0.0,60.65,40.9004504504504,3.0,2.50306748466258,2.0,0.688073394495413,1422377.0,0.0,739210.0
160,TWN,Taiwan,,,528637839.0,76.85,44.467373417721504,4.0,2.91509433962264,2.0,0.43670886075949394,32471621.0,0.0,14169298.0
161,TJK,Tajikistan,17493.0,125.0,0.0,48.15,32.5613455657492,4.0,3.33986928104575,0.0,0.0,5579193.0,0.0,2555173.0
162,TZA,Tanzania,26270.0,730.0,0.0,38.89,12.608275862068998,2.0,0.699059561128527,1.0,0.0658307210031348,1337045.0,0.0,983801.0
163,THA,Thailand,2145241.0,20966.0,2567368997.0,75.93,56.0898498498498,4.0,3.21100917431193,2.0,1.3700305810397602,93753156.0,3494673.0,41732668.0
164,TLS,Timor,,,4139601.0,87.04,60.2279456193353,4.0,3.44648318042813,3.0,1.67791411042945,1112223.0,0.0,465372.0
165,TGO,Togo,26304.0,243.0,123050638.0,69.44,45.6588714733542,4.0,3.8746081504702206,2.0,0.6363636363636359,1665087.0,0.0,567834.0
166,TON,Tonga,1.0,0.0,0.0,81.02,45.79748466257671,2.0,0.7300613496932521,2.0,1.99386503067485,118185.0,0.0,45002.0
167,TTO,Trinidad and Tobago,75134.0,2262.0,49182668.0,92.59,72.5860383386581,4.0,3.865625,2.0,1.0625,1297311.0,0.0,648391.0
168,TUN,Tunisia,718443.0,25401.0,285396724.0,85.19,60.6275975975976,4.0,3.3547400611620803,2.0,1.6605504587156001,10731223.0,469349.0,5247095.0
169,TUR,Turkey,8903087.0,77830.0,20021608175.0,87.04,61.74751515151521,4.0,4.0,3.0,1.04892966360856,120910438.0,13884811.0,50653666.0
170,TKM,Turkmenistan,,,0.0,73.15,61.778858858858904,4.0,3.14678899082569,2.0,0.254777070063694,7580976.0,0.0,3206282.0
171,UGA,Uganda,127655.0,3254.0,395811835.0,87.04,62.119018404908,4.0,2.94171779141104,2.0,1.93558282208589,4751422.0,0.0,912983.0
172,UKR,Ukraine,3668794.0,93734.0,2794955955.0,76.39,57.4514906832298,4.0,2.6532507739938103,1.0,0.551083591331269,25559141.0,0.0,11826757.0
173,ARE,United Arab Emirates,742328.0,2148.0,17560690811.0,66.2,53.50480480480479,3.0,2.80428134556575,1.0,0.0978593272171254,21548528.0,2914743.0,8832256.0
174,GBR,United Kingdom,10523316.0,146055.0,60171872501.0,87.96,59.771575757575796,3.0,3.0,2.0,0.617737003058104,117880359.0,20258417.0,46527302.0
175,USA,United States,48868916.0,784894.0,153000209986.0,71.76,57.42853211009171,4.0,3.4342507645259905,2.0,1.18960244648318,470297846.0,46219529.0,197440859.0
176,VIR,United States Virgin Islands,,,,49.07,41.4164406779661,3.0,3.0,2.0,0.6610169491525419,,,
177,URY,Uruguay,400925.0,6134.0,805239215.0,87.04,61.0670303030303,2.0,2.0,1.0,0.8868501529051991,6825827.0,1413713.0,2660281.0
178,UZB,Uzbekistan,194333.0,1418.0,0.0,71.3,44.88672672672671,3.0,2.94495412844037,1.0,0.0948012232415902,34182226.0,0.0,0.0
179,VUT,Vanuatu,6.0,1.0,0.0,22.22,21.461141141141102,1.0,0.0886850152905199,0.0,0.0,129582.0,0.0,40110.0
180,VEN,Venezuela,434918.0,5193.0,0.0,97.22,81.8749848942598,4.0,4.0,3.0,1.9938837920489298,26314390.0,0.0,9858581.0
181,VNM,Vietnam,1309092.0,26260.0,1549448162.0,79.17,68.84753846153849,3.0,3.0,2.0,1.6830769230769198,126846771.0,0.0,53691472.0
182,YEM,Yemen,10025.0,1954.0,0.0,37.96,29.5824924924925,2.0,1.51376146788991,2.0,1.63302752293578,774953.0,0.0,361351.0
183,ZMB,Zambia,210312.0,3667.0,575485104.0,60.19,42.3468168168168,4.0,2.89296636085627,1.0,0.290519877675841,1134766.0,0.0,731770.0
184,ZWE,Zimbabwe,139046.0,4710.0,255030147.0,87.96,61.427807807807795,4.0,3.25245901639344,2.0,1.81345565749235,6759589.0,0.0,2884043.0
