,X,isocode,country,Confirmed,Deaths,tests,MaxStringencyIndex,MeanStringencyIndex,MaxFacialCoverings,MeanFacialCoverings,MaxStayHome,MeanStayHome,totalvacci0tions,totalbooster,fullyvacnumber,logofConfirmed,logofDeaths,logofTests,logofTotalVaccines,logofTotalBoosters,logofFullyVacci0ted
1,0,AFG,Afghanistan,157445,7312,0,56.02,30.13236923,3,2.512269939,3,0.135384615,5228706,0,3566192,11.96683147,8.897272113,0,15.46967439,0,15.08700892
2,1,ALB,Albania,201730,3110,81840662,63.89,49.15825153,4,3.04601227,2,2,2130714,78250,971974,12.21468545,8.042378005,18.22028477,14.57196769,11.26766411,13.78708433
3,2,DZA,Algeria,211469,6103,0,85.19,59.86918675,3,3,2,1.785932722,12145830,25381,5380385,12.26183369,8.716535733,0,16.31249646,10.14175614,15.49827049
4,3,AND,Andorra,18010,132,8830188,65.74,50.57095385,3,2.584097859,2,0.08,104534,0,49535,9.798682438,4.882801923,15.99368686,11.55726766,0,10.81043477
5,4,AGO,Angola,65259,1735,0,65.74,56.66251534,4,2.960122699,2,1.061349693,9847459,0,3072475,11.08611925,7.458762692,0,16.10272401,0,14.93799398
6,5,ARG,Argenti0,5340676,116646,5144722921,84.26,72.205,3,2.965408805,2,1.858490566,69891521,2490555,30265301,15.49086279,11.66689899,22.36123735,18.0624549,14.72801614,17.22551243
7,6,ABW,Aruba,0,0,0,67.59,42.82720859,3,2.365030675,2,1.13190184,161913,0,78159,0,0,0,11.99481443,0,11.26650049
8,7,AUS,Australia,219121,2056,5366082762,78.24,61.76666667,4,2.822629969,2,1.027522936,39652404,536892,19008755,12.29737937,7.628517627,22.40336401,17.49566213,13.19355224,16.76041022
9,8,AUT,Austria,1198478,12796,17248306948,82.41,65.48705706,3,2.489296636,2,0.880733945,14457526,2341624,6051450,13.99656298,9.456887901,23.57097983,16.48672567,14.66635526,15.61580847
10,9,AZE,Azerbaijan,596388,7967,685653599,89.81,64.44209581,4,2.896024465,2,0.929663609,10702988,1011169,4593278,13.29864674,8.983063289,20.3458831,16.18603351,13.82661765,15.34010449
11,10,BHS,Bahamas,22825,695,5063656,68.98,58.01190184,4,3.36809816,3,1.95398773,280176,0,138266,10.03561171,6.543911846,15.43759931,12.54317326,0,11.83693465
12,11,BHR,Bahrain,277831,1394,1311759560,62.96,49.46363363,4,3.345047923,2,1.122324159,2982080,0,1162095,12.53476829,7.239932591,20.99463525,14.9081316,0,13.96573497
13,12,BGD,Bangladesh,1577443,28001,2240310051,93.52,74.34958333,4,3.791666667,3,2.105769231,102108505,0,37824243,14.27131574,10.2399955,21.52988011,18.44154658,0,17.4484608
14,13,BRB,Barbados,26095,238,0,74.07,64.0639557,4,2.952531646,2,1.835443038,292080,0,138096,10.169499,5.472270674,0,12.58478302,0,11.83570437
15,14,BLR,Belarus,663813,5162,695620893,43.52,36.22661491,3,2.322981366,1,0.708074534,6331049,0,2712219,13.40575576,8.54907938,20.36031538,15.6609765,0,14.81327768
16,15,BEL,Belgium,1827467,27167,4995732505,75.93,53.71177177,3,2.856269113,2,1.03058104,19226776,2083019,8712921,14.41844141,10.20975828,22.33184989,16.77181445,14.54932884,15.98031765
17,16,BLZ,Belize,30680,579,7794269,73.15,63.8585625,4,3.259375,2,1.71875,412002,0,195230,10.33136626,6.361302478,15.86889928,12.92878348,0,12.18193363
18,17,BEN,Benin,24863,161,640586,55.56,39.74417417,4,3.633027523,1,0.345565749,383501,0,297726,10.12113603,5.081404365,13.37013866,12.85709751,0,12.60392888
19,18,BMU,Bermuda,0,0,0,79.63,51.45212308,3,2.015384615,2,1.323076923,101341,5512,47365,0,0,0,11.52624635,8.614682813,10.76563884
20,19,BTN,Bhutan,2641,3,176547092,81.94,61.36671779,4,3.496932515,2,1.417177914,1153555,0,564340,7.878912912,1.098612289,18.98909821,13.95835904,0,13.24341219
21,20,BOL,Bolivia,543390,19222,504632403,56.48,33.1184985,4,3.954397394,2,0.782334385,8691198,374712,4190248,13.20558257,9.863810735,20.03934081,15.97782135,12.83391301,15.24827048
22,21,BIH,Bosnia and Herzegovi0,277228,12687,222357574,45.37,39.13219219,3,2.532110092,2,0.902140673,1553874,0,720641,12.53259555,9.448333126,19.21979734,14.25626173,0,13.48789637
23,22,BWA,Botswa0,195302,2419,115631491,73.15,53.14386503,4,2.898773006,2,1.699386503,1430084,0,508980,12.18230236,7.791109511,18.56591889,14.17324374,0,13.140164
24,23,BRA,Brazil,22143091,615636,9716857322,76.39,60.08514107,4,3.761755486,3,2.056426332,314612221,18014777,136905306,16.91303609,13.33041116,22.99712808,19.56685139,16.70670292,18.73480005
25,24,BRN,Brunei,15186,98,0,79.63,52.79524242,4,2.666666667,2,0.660550459,756080,0,351709,9.62812923,4.584967479,0,13.53590247,0,12.77055941
26,25,BGR,Bulgaria,703160,28852,597112256,62.96,47.53695385,4,2.876923077,1,0.067692308,3400750,0,1802611,13.46333974,10.26993459,20.20761569,15.03950655,0,14.40474673
27,26,BFA,Burki0 Faso,16000,286,0,30.56,19.60575563,4,3.351973684,2,0.213166144,661796,0,297231,9.680344001,5.655991811,0,13.40271263,0,12.60226489
28,27,BDI,Burundi,20439,38,0,27.31,15.51521472,3,1.17791411,0,0,1711,0,914,9.925200119,3.63758616,0,7.444833274,0,6.817830571
29,28,KHM,Cambodia,120256,2960,64925980,73.15,64.32066038,4,3.053459119,3,1.77672956,28843614,2322719,13414877,11.69737808,7.992944547,17.98875841,17.17739917,14.65824904,16.41187487
30,29,CMR,Cameroon,107148,1804,0,41.67,31.18683735,3,3,0,0,953375,0,595316,11.58196634,7.497761701,0,13.7677636,0,13.29684764
31,30,CAN,Ca0da,1815686,29821,11534983641,75.46,70.59660661,3,3,2,1.47706422,62032800,2117739,29099443,14.41197392,10.30296812,23.16865031,17.94317384,14.56585957,17.18622959
32,31,CPV,Cape Verde,0,0,0,64.81,54.93006006,3,2.923547401,1,1,544075,0,246960,0,0,0,13.20684238,0,12.41698166
33,32,CAF,Central African Republic,11742,101,0,27.78,15.44043478,3,1.848765432,2,0.767801858,422496,0,321982,9.370927437,4.615120517,0,12.95393526,0,12.68225092
34,33,TCD,Chad,5703,181,0,74.07,28.96909677,4,4,2,0.470967742,258618,0,72824,8.648747631,5.198497031,0,12.46310735,0,11.19580085
35,34,CHL,Chile,1772547,38501,5278058590,84.72,68.97404192,3,2.648318043,3,2.281345566,41532402,8980522,16221873,14.38792805,10.55843949,22.38682418,17.54198445,16.01056857,16.60187107
36,35,CHN,Chi0,111741,4849,0,79.17,73.45224359,4,2.474358974,3,2.541666667,2553028000,0,0,11.62393897,8.486527777,0,21.66054594,0,0
37,36,COL,Colombia,5081064,128780,6202046774,81.02,62.54231003,4,2.536809816,3,2.360856269,58590490,0,25168977,15.44103125,11.7658608,22.5481452,17.88608295,0,17.04112272
38,37,COG,Congo,0,0,0,55.56,43.91932308,3,3,2,2,651411,0,129711,0,0,0,13.38689606,0,11.77306418
39,38,CRI,Costa Rica,567383,7312,388819633,66.67,57.76354098,3,3,1,1,7137983,35412,3215091,13.24878984,8.897272113,19.77862613,15.7809408,10.47480602,14.98336622
40,39,CIV,Cote d'Ivoire,61824,706,218174424,25.93,20.90785489,4,3.927444795,1,0.981072555,3845788,0,1176366,11.03204692,6.559615237,19.20080541,15.16248908,0,13.97794058
41,40,HRV,Croatia,631037,11218,511306401,67.59,43.10102102,4,2.874617737,1,0.033639144,4245741,0,1979003,13.35511978,9.32527491,20.05247958,15.26142692,0,14.49810374
42,41,CUB,Cuba,963090,8309,584281418,81.48,72.30794479,4,3.301538462,2,1.720858896,28623729,0,9280509,13.77790214,9.025094544,20.1858933,17.16974662,0,16.04342695
43,42,CYP,Cyprus,136832,601,2624616420,84.26,57.62528529,4,2.902140673,2,1.131498471,1339063,128838,585087,11.82650917,6.398594935,21.6882006,14.10748067,11.76631108,13.27951583
44,43,CZE,Czechia,2240721,33665,0,81.48,51.7800304,4,2.709480122,2,0.55351682,13851362,1134875,6415104,14.62230825,10.424214,0,16.44389413,13.94203307,15.67416577
45,44,COD,Democratic Republic of Congo,0,0,0,52.78,38.10111111,3,3,2,1.828746177,193416,0,56167,0,0,0,12.17259859,0,10.93608467
46,45,DNK,Denmark,514609,2959,10217259118,70.37,49.54003003,3,2.180428135,1,0.428134557,9911854,914751,4463547,13.15116267,7.992606652,23.0473442,16.10924197,13.72640718,15.3114543
47,46,DJI,Djibouti,13508,187,0,54.63,45.02635802,4,3.459876543,0,0,104475,0,26087,9.511037382,5.231108617,0,11.55670309,0,10.16919238
48,47,DMA,Dominica,6120,39,0,79.63,44.45595611,4,2.407523511,2,1.329153605,55760,0,26852,8.719317376,3.663561646,0,10.92881205,0,10.19809559
49,48,DOM,Dominican Republic,408516,4212,188401519,70.37,63.10754545,4,3.388379205,2,1.865443425,13866766,1356217,5619966,12.92028636,8.345692873,19.05408598,16.4450056,14.12020976,15.54183617
50,49,ECU,Ecuador,526870,33250,431172513,76.85,63.63615616,3,2.905198777,3,1.155963303,25309620,439649,11501793,13.17470912,10.41181005,19.88201883,17.04669512,12.99373196,16.25801349
51,50,EGY,Egypt,363162,20727,0,65.74,49.69852564,4,3.993589744,1,0.477564103,40644158,0,15515855,12.80260429,9.939192477,0,17.52036567,0,16.55737296
52,51,SLV,El Salvador,119803,3783,83439357,47.22,33.65319876,4,3.52173913,2,0.319875776,9241093,720514,4081545,11.69360401,8.238272625,18.23963066,16.03917073,13.48772013,15.22198615
53,52,ERI,Eritrea,7458,61,0,92.59,67.56081081,3,2.712538226,2,1.480122324,0,0,0,8.917042561,4.110873864,0,0,0,0
54,53,EST,Estonia,224993,1823,491108374,67.59,38.80806061,2,1.871559633,2,0.198776758,1487367,0,793696,12.32382457,7.508238775,20.01217538,14.212518,0,13.5844558
55,54,SWZ,Eswatini,47504,1248,0,75,62.14411043,4,3.975460123,2,1.828220859,306445,0,260763,10.7685692,7.129297549,0,12.63279357,0,12.47136723
56,55,ETH,Ethiopia,372215,6800,750408786,51.85,43.81126126,4,3.110091743,0,0,10058925,0,1452584,12.82722692,8.824677891,20.43612866,16.12397086,0,14.1888546
57,56,FRO,Faeroe Islands,0,0,0,59.26,35.49822823,2,1.22324159,1,0.577981651,78347,0,38142,0,0,0,11.26890296,0,10.54907132
58,57,FJI,Fiji,52543,697,17196741,90.74,67.03278689,2,1.842948718,2,2,1237108,0,585788,10.86938716,6.546785411,16.66023045,14.02828696,0,13.28071323
59,58,FIN,Finland,191226,1360,1755360835,52.31,44.29117117,2,1.428134557,1,0.929663609,8357278,0,4054134,12.16121125,7.215239979,21.28594028,15.93864333,0,15.21524766
60,59,FRA,France,8020978,120516,0,75,62.13051205,4,3.25382263,2,1.039755352,107043866,8760595,47303279,15.89757092,11.6995378,0,18.48874927,15.98577438,17.67209017
61,60,GAB,Gabon,37477,280,48242298,71.3,64.10368098,3,3,2,2,277979,0,111626,10.53148269,5.634789603,17.69174675,12.53530085,0,11.62290928
62,61,GMB,Gambia,9992,342,5870327,45.37,36.05862275,4,2.697247706,1,0.125382263,268008,0,222890,9.209540052,5.834810737,15.5854209,12.49877211,0,12.31443366
63,62,GEO,Georgia,865293,12344,475893185,84.26,55.83018072,4,2.859327217,3,1.152905199,2238070,0,1018984,13.67082346,9.420925394,19.98070399,14.62112445,0,13.83431661
64,63,DEU,Germany,6200937,103124,2854120708,85.19,67.2096997,2,2,2,1.354740061,127656766,13914334,57383300,15.64021097,11.54368743,21.77202965,18.6648557,16.44843009,17.86526388
65,64,GHA,Gha0,130920,1209,280790023,50.93,42.55484568,4,4,1,0.477272727,3493688,0,842225,11.78234173,7.097548851,19.4531177,15.06646847,0,13.64380248
66,65,GRC,Greece,966221,18595,3699475618,88.89,74.03224359,4,3.189102564,3,1.721153846,14788422,1696563,6663358,13.78114787,9.830648006,22.03145692,16.50935514,14.344115,15.71213412
67,66,GRL,Greenland,0,0,0,55.56,39.51672783,2,2,1,0.232415902,77808,0,37537,0,0,0,11.26199953,0,10.53308239
68,67,GUM,Guam,0,0,0,62.96,47.76865385,3,3,1,0.439102564,0,0,0,0,0,0,0,0,0
69,68,GTM,Guatemala,619852,15986,287140734,66.2,52.52333333,4,3.504587156,2,0.256880734,10266743,0,4176059,13.33723602,9.679468618,19.47548302,16.14442039,0,15.24487854
70,69,GIN,Guinea,30770,387,0,71.3,58.38618619,4,3.067278287,2,2,2493842,0,813477,10.33429547,5.958424693,0,14.72933505,0,13.60907293
71,70,GUY,Guya0,38160,1006,0,71.3,60.23287926,4,3.226006192,2,2,682779,0,280637,10.54954313,6.913737351,0,13.43392651,0,12.5448173
72,71,HTI,Haiti,25510,747,0,64.81,48.00321321,3,3,2,1.926605505,184769,0,66888,10.14682581,6.616065185,0,12.12686168,0,11.11077486
73,72,HND,Honduras,378251,10412,0,89.81,77.13297872,4,3.149847095,3,1.516819572,7960942,0,0,12.84331328,9.250714266,0,15.89005789,0,0
74,73,HKG,Hong Kong,0,0,207666928,71.3,66.59476923,2,2,1,1,9540544,0,4552531,0,0,19.15144605,16.07106106,0,15.3311939
75,74,HUN,Hungary,1134869,35122,1391527061,79.63,48.32469697,3,2.217125382,2,1.094801223,0,2765500,5867068,13.94202778,10.46658299,21.05366759,0,14.83273201,15.58486558
76,75,ISL,Iceland,18333,35,148616910,65.74,37.73858896,3,2.088957055,0,0,665013,153073,281402,9.816457994,3.555348061,18.81688248,13.40756187,11.93867021,12.54753953
77,76,IND,India,34641561,473537,1.30E+11,81.94,67.13403614,4,4,3,2.5382263,1278763558,0,477346183,17.3605647,13.06798533,25.58718306,20.96915948,0,19.98375254
78,77,IDN,Indonesia,4257685,143867,4835702971,71.76,68.73765766,4,3.825688073,2,1.837920489,241441928,0,99009581,15.26423614,11.87664454,22.29929235,19.30213954,0,18.41072718
79,78,IRN,Iran,6134465,130200,4059661925,81.48,74.6464,3,2.932307692,2,1.796923077,107531771,1287811,48149791,15.62943343,11.77682701,22.12436554,18.49329691,14.06845444,17.68982736
80,79,IRQ,Iraq,2084346,23885,3056527254,84.26,70.98947531,4,3.712962963,2,1.836419753,12268675,0,4723137,14.54996569,10.08100593,21.84054522,16.32255982,0,15.36798376
81,80,IRL,Ireland,594250,5707,1832131819,87.96,60.93278443,3,3,2,0.788990826,8339577,913670,3798451,13.29505539,8.649448771,21.32874605,15.93652305,13.72522473,15.15010391
82,81,ISR,Israel,1345915,8204,6413767795,87.04,54.90828829,3,2.311926606,2,0.244648318,16254505,4100290,5782188,14.11258464,9.012377119,22.58171273,16.60388066,15.22656826,15.57029272
83,82,ITA,Italy,5109082,134195,22819214855,83.33,69.71433333,4,3.348623853,2,1.902140673,98729849,8682311,44154825,15.4465303,11.80704925,23.85086877,18.40789788,15.9767983,17.60321277
84,83,JAM,Jamaica,91469,2410,85439727,86.11,73.07417417,4,3.107033639,3,2.143730887,1135059,0,523049,11.4237554,7.787382026,18.26332174,13.94219519,0,13.16743043
85,84,JPN,Japan,1727229,18360,5094600901,55.09,49.00426426,1,1,1,1,197620701,0,97685248,14.36202895,9.817929664,22.35144717,19.1018601,0,18.39726111
86,85,JOR,Jordan,975956,11761,1497659911,81.48,53.07279141,3,2.401840491,2,1.490797546,7950684,0,3776263,13.79117278,9.372544252,21.12716967,15.88876852,0,15.14424545
87,86,KAZ,Kazakhstan,1058758,17895,1333645988,79.17,65.67317365,4,3.088685015,2,0.74617737,16955745,0,8176988,13.87260708,9.792276623,21.01118237,16.64611727,0,15.91683443
88,87,KEN,Kenya,255437,5335,24131061,74.07,58.34486154,4,3.535384615,2,1.833846154,7583134,0,2954835,12.45073108,8.582044164,16.99901041,15.84143713,0,14.89895337
89,88,KIR,Kiribati,2,0,0,56.94,27.72503067,3,0.36809816,2,0.613496933,82167,0,22675,0.693147181,0,0,11.31650904,0,10.02901827
90,89,OWID_KOS,Kosovo,0,0,100295901,75.93,49.50587879,4,3.247706422,2,1.241590214,1624584,0,765669,0,0,18.42363538,14.30076234,0,13.54850524
91,90,KWT,Kuwait,413491,2465,983138186,77.78,58.2639759,4,3.070336391,2,0.614678899,6578646,108687,3165385,12.93239103,7.809947086,20.70626024,15.69933951,11.59622747,14.96778525
92,91,KGZ,Kyrgyzstan,183615,2758,0,58.33,49.42153374,3,2.539877301,1,0.009202454,2056269,0,914026,12.12059645,7.922261058,0,14.53640373,0,13.7256143
93,92,LAO,Laos,79833,207,30429426,86.11,51.91876877,4,3.440366972,2,1.076452599,5830021,0,3099003,11.28769223,5.332718793,17.23092066,15.57853116,0,14.946591
94,93,LVA,Latvia,257329,4267,951880234,70.37,51.07659509,3,2.680981595,2,0.171779141,2220155,0,1207491,12.4581107,8.358666283,20.67394978,14.61308757,0,14.00405521
95,94,LBN,Lebanon,678801,8775,112679216,92.59,68.57087349,4,2.822629969,3,1.896024465,3660210,0,1710771,13.42808329,9.079662048,18.54005554,15.11303108,0,14.3524547
96,95,LSO,Lesotho,21838,663,0,85.19,57.26279874,4,3.507836991,2,1.937304075,617671,0,572287,9.991406851,6.49677499,0,13.33371123,0,13.25739589
97,96,LBR,Liberia,5824,287,0,55.56,43.97798799,4,3.110091743,1,0.204892966,589628,0,456623,8.66974259,5.659482216,0,13.28724711,0,13.03161338
98,97,LBY,Libya,374989,5493,0,87.96,64.77614583,3,2.805555556,2,1.191358025,2377003,0,666531,12.83465197,8.611229833,0,14.68135101,0,13.40984193
99,98,LIE,Liechtenstein,4893,62,16191005,56.48,44.50927711,3,2.214067278,1,1,51795,1677,25165,8.495560891,4.127134385,16.5999664,10.8550489,7.424761762,10.13320942
100,99,LTU,Lithuania,479839,6847,1239234913,74.07,46.68541796,3,2.169753086,2,0.681114551,3770993,356740,1790996,13.08120591,8.831565879,20.93776002,15.14284892,12.7847625,14.39828245
101,100,LUX,Luxembourg,90774,880,957891376,67.59,46.17486486,3,2.009174312,2,1.116207951,0,0,429705,11.41612818,6.779921907,20.68024494,0,0,12.97085421
102,101,MAC,Macao,0,0,0,62.04,29.72902439,2,2,0,0,930802,0,442605,0,0,0,13.74380186,0,13.000433
103,102,MDG,Madagascar,44800,972,30420998,81.48,49.8977918,4,3.457413249,2,1.356466877,685440,0,484570,10.70996342,6.879355804,17.23064365,13.43781625,0,13.09101718
104,103,MWI,Malawi,61981,2307,8622726,52.78,42.55460123,3,2.420245399,2,0.414110429,1476957,0,617998,11.03458317,7.743703258,15.96991183,14.20549445,0,13.3342405
105,104,MYS,Malaysia,2658772,30614,6203002854,85.19,70.12566265,3,3,2,1.645259939,53875223,2798233,25420679,14.79337492,10.3292127,22.54829934,17.80218125,14.8444987,17.05107353
106,105,MLI,Mali,17915,618,0,51.85,44.31555556,3,3,1,0.425076453,847067,0,320681,9.79339363,6.426488457,0,13.64953507,0,12.67820214
107,106,MLT,Malta,39934,468,327974281,75,52.60063063,4,3.55351682,0,0,971433,132189,432844,10.59498337,6.148468296,19.60844575,13.78652758,11.791988,12.97813266
108,107,MRT,Mauritania,39558,840,2715696,59.26,42.78843844,3,3,2,1.568807339,1759659,0,684075,10.58552323,6.733401892,14.81455883,14.3806306,0,13.43582284
109,108,MUS,Mauritius,22090,240,0,97.22,53.94432515,4,3.211656442,3,0.699386503,1875132,0,914936,10.0028803,5.480638923,0,14.44418961,0,13.7266094
110,109,MEX,Mexico,3901263,295203,2481914421,71.76,49.92079027,4,4,2,1.311926606,134370326,0,65422436,15.1768109,12.59541853,21.63229604,18.71611017,0,17.99637582
111,110,MDA,Moldova,366256,9217,76938074,73.15,50.43948795,4,2.91503268,3,1.082568807,1644452,0,944930,12.81108782,9.128804884,18.15851142,14.31291776,0,13.75886613
112,111,MCO,Mo0co,3885,36,0,62.96,46.97949843,4,2.576802508,2,0.996865204,49980,0,23308,8.264878263,3.583518938,0,10.8193782,0,10.05655193
113,112,MNG,Mongolia,383682,2017,639244624,96.3,60.9573494,4,3.688073394,2,1.327217125,4414941,0,2153408,12.85756936,7.609366538,20.27579776,15.30050503,0,14.58256226
114,113,MAR,Morocco,950591,14788,2136598273,86.11,70.62370482,3,3,2,1.932721713,48851348,0,22764566,13.76483918,9.60157132,21.48248081,17.70429253,0,16.94071576
115,114,MOZ,Mozambique,151924,1941,164005123,65.74,53.2497006,4,3.064220183,3,2.201834862,10503956,0,3931200,11.93113567,7.570958583,18.91540822,16.16726251,0,15.18445528
116,115,MMR,Myanmar,0,0,674068725,90.74,72.76945946,4,3.993883792,3,2.091743119,28100411,0,11615096,0,0,20.32884263,17.15129476,0,16.26781619
117,116,0M,0mibia,129796,3574,152524876,87.04,47.23408408,4,2.935779817,2,1.721712538,674589,0,307891,11.77371927,8.181440696,18.84283826,13.4218589,0,12.6375011
118,117,NPL,Nepal,822592,11541,1029509594,97.22,57.75471471,4,3.975535168,3,0.957186544,18317508,0,8437860,13.62021561,9.353661191,20.7523484,16.72336788,0,15.94823928
119,118,NLD,Netherlands,2793527,20118,497727398,82.41,59.04075758,3,2.033639144,2,0.828746177,24693092,0,0,14.84281551,9.909370216,20.02556309,17.02203409,0,0
120,119,NZL,New Zealand,12333,44,645825434,96.3,42.4793865,3,2.27607362,2,0.601226994,7736783,121522,3688689,9.420033876,3.784189634,20.2860398,15.86149653,11.7078506,15.12078167
121,120,NIC,Nicaragua,17254,213,0,13.89,7.124465409,2,1.201257862,0,0,6376188,0,2322298,9.75579928,5.361292166,0,15.66808098,0,14.65806777
122,121,NER,Niger,7080,261,0,34.26,25.67765766,3,2.785932722,0,0,971636,0,464413,8.865029187,5.564520407,0,13.78673653,0,13.04852952
123,122,NGA,Nigeria,214622,2980,128449920,58.33,50.19375375,4,3.067278287,2,1.853211009,10119982,0,3595400,12.27663362,7.999678579,18.67104966,16.13002244,0,15.09516581
124,123,NOR,Norway,284448,1093,1938599610,73.15,51.06172727,2,1.675840979,1,0.816513761,8799704,703289,3850609,12.55830574,6.996681488,21.3852317,15.99022864,13.46352318,15.16374188
125,124,OMN,Oman,304603,4113,0,84.26,57.60636923,4,2.943396226,2,1.179012346,5934585,0,2828176,12.62676457,8.321907968,0,15.59630766,0,14.85514254
126,125,PAK,Pakistan,1287161,28777,3968706525,78.24,57.27072327,4,3.408805031,3,1.874213836,126586512,0,52303524,14.06794958,10.26733174,22.10170607,18.65643652,0,17.77257431
127,126,PSE,Palestine,0,0,0,92.59,72.9614759,4,2.725856698,3,1.850152905,3024477,0,1365858,0,0,0,14.92224874,0,14.12729336
128,127,PAN,Pa0ma,479053,7374,920595190,89.81,68.38151976,4,4,3,2.265432099,5650424,201734,2437285,13.07956652,8.905715579,20.64053096,15.54724114,12.21470528,14.70639527
129,128,PNG,Papua New Guinea,35538,550,431741,74.07,55.32717718,4,2.987767584,2,1.204892966,467166,0,197800,10.47835783,6.309918278,12.97558115,13.05443993,0,12.1950117
130,129,PRY,Paraguay,463260,16476,445876845,76.85,48.86142415,3,2.977419355,2,1.735849057,6216388,117151,2703605,13.04604373,9.709660056,19.91555334,15.64269959,11.67121898,14.81009663
131,130,PER,Peru,2243415,201379,1240502624,86.11,72.89134557,4,3.850931677,3,2.293577982,42111301,992007,18576645,14.62350982,12.21294398,20.93878248,17.55582669,13.80748544,16.7374157
132,131,PHL,Philippines,2834775,49386,4659585083,81.02,70.7603537,4,3.504823151,3,2.099678457,91777433,509944,38168603,14.85747313,10.80742226,22.26219224,18.334877,13.14205619,17.45752382
133,132,POL,Poland,3671421,85675,5148674189,80.56,55.56753049,3,2.110091743,1,1,42672883,3637272,20521241,15.11608934,11.35831635,22.36200508,17.56907422,15.10674451,16.83697105
134,133,PRT,Portugal,1166787,18537,4387155098,87.96,63.28830247,3,2.787037037,2,1.046296296,17862361,1530075,9005089,13.96976438,9.827524014,22.20194681,16.69820632,14.24082731,16.01330042
135,134,PRI,Puerto Rico,0,0,0,70.37,43.8168,4,2.800632911,2,0.88,0,0,0,0,0,0,0,0,0
136,135,QAT,Qatar,244223,611,602282436,85.19,60.50075075,4,3.464831804,2,1.159021407,5011447,0,0,12.40583702,6.415096959,20.21623706,15.42723525,0,0
137,136,ROU,Romania,1786036,57099,1039456225,76.85,56.61223926,4,3.576687117,2,1.147239264,15095967,0,7507203,14.3955092,10.95254188,20.76196355,16.52993818,0,15.83137352
138,137,RUS,Russia,9630296,275824,29754878977,61.57,44.74254658,3,2.357142857,3,0.698757764,130634456,4937582,58695024,16.08042452,12.52751826,24.11625895,18.68791357,15.4123863,17.88786551
139,138,RWA,Rwanda,100414,1343,440218734,74.07,60.15685801,4,2.935779817,2,1.963302752,9440343,0,3452598,11.51705692,7.202661197,19.90278228,16.06050287,0,15.05463755
140,139,SMR,San Marino,6148,93,0,75.93,49.33564417,4,2.530674847,2,1.165644172,47834,0,22379,8.723882105,4.532599493,0,10.77549196,0,10.0158783
141,140,SAU,Saudi Arabia,549912,8844,7092279096,57.41,53.96095092,3,2.886503067,0,0,47701071,0,22620922,13.21751354,9.087494542,22.68227258,17.68046441,0,16.93438579
142,141,SEN,Senegal,74024,1886,197230696,58.8,30.37966967,4,3.241590214,2,0.534375,1910830,0,924182,11.21214464,7.542213463,19.09988465,14.46304826,0,13.7366643
143,142,SRB,Serbia,1263663,11917,1456342693,61.11,46.07532915,3,2.664576803,1,0.75862069,7963609,1554127,3136806,14.0495252,9.385721231,21.09919413,15.89039285,14.25642453,14.95871564
144,143,SYC,Seychelles,23599,127,0,84.26,70.84267267,4,2.757188498,2,1.712538226,179462,0,77951,10.06895962,4.844187086,0,12.09771877,0,11.2638357
145,144,SLE,Sierra Leone,6402,121,0,60.19,43.24924925,4,3.165137615,2,0.865443425,868726,0,361089,8.764365721,4.795790546,0,13.67478305,0,12.79687974
146,145,SGP,Singapore,269211,759,562440583,58.33,50.70634675,4,4,1,1,10083329,0,5012181,12.50325074,6.632001777,20.14779606,16.12639402,0,15.42738171
147,146,SVK,Slovakia,1230343,14826,10774633579,74.07,51.13795666,4,3.149006623,2,0.829721362,5001505,0,2349722,14.02280355,9.604137675,23.10046047,15.42524943,0,14.66980758
148,147,SVN,Slovenia,430064,5303,428375293,85.19,51.00072948,4,3.036697248,2,0.82781457,2714211,321652,1157918,12.97168931,8.576027977,19.87551022,14.81401186,12.68122549,13.96213412
149,148,SLB,Solomon Islands,20,0,0,38.89,30.80578313,4,1.162079511,0,0,208046,0,46525,2.995732274,0,0,12.24551449,0,10.74774508
150,149,SOM,Somalia,23051,1331,0,60.19,31.40036036,3,2.782874618,2,0.902140673,964433,0,564612,10.04546443,7.193685818,0,13.77929564,0,13.24389405
151,150,ZAF,South Africa,3031694,89966,4329580516,75,51.9860303,4,3.021472393,2,2,26348830,0,14948436,14.9246321,11.4071871,22.1887365,17.08693443,0,16.52011724
152,151,KOR,South Korea,0,0,2388892896,67.59,52.24153153,3,3,1,0.55351682,86476510,3956401,41341888,0,0,21.59409587,18.27538337,15.19084533,17.53738678
153,152,SSD,South Sudan,12804,133,9594739,77.78,45.24885886,3,2.339449541,2,0.77675841,218154,0,133315,9.457512901,4.890349128,16.07672549,12.29295651,0,11.80047003
154,153,ESP,Spain,5202958,88159,2165574134,78.7,57.01046296,4,3.24382716,2,1.466049383,77157350,5499256,37655150,15.46473787,11.38689728,21.49595135,18.1613574,15.52012337,17.44398029
155,154,LKA,Sri Lanka,567682,14461,1232838794,90.74,73.90662651,4,3.428134557,3,2.036697248,29707010,0,13763844,13.24931668,9.57921065,20.93258531,17.2068936,0,16.43755571
156,155,SDN,Sudan,43489,3164,0,64.81,27.6472956,4,2.566037736,3,0.36163522,1659666,0,0,10.68026331,8.059592329,0,14.32212694,0,0
157,156,SUR,Suri0me,51009,1171,0,92.59,71.3753012,4,3.993506494,2,2,479697,0,221199,10.83975737,7.065613364,0,13.08090993,0,12.30681803
158,157,SWE,Sweden,1212145,15170,0,69.44,49.83772455,2,0.889908257,1,0.828746177,16097826,1131706,7179328,14.00790208,9.627075072,0,16.59419479,13.93923679,15.78671634
159,158,CHE,Switzerland,1044633,11591,2539016193,60.19,51.3710303,3,2.458715596,1,0.5382263,12045452,642345,5716809,13.85917619,9.357984214,21.65504252,16.30419772,13.37288082,15.55892134
160,159,SYR,Syria,48619,2777,0,60.65,40.90045045,3,2.503067485,2,0.688073394,1422377,0,739210,10.79176968,7.929126487,0,14.16783997,0,13.51333733
161,160,TWN,Taiwan,0,0,528637839,76.85,44.46737342,4,2.91509434,2,0.436708861,32471621,0,14169298,0,0,20.08581414,17.29587707,0,16.46658807
162,161,TJK,Tajikistan,17493,125,0,48.15,32.56134557,4,3.339869281,0,0,5579193,0,2555173,9.76955608,4.828313737,0,15.5345547,0,14.75363049
163,162,TZA,Tanzania,26270,730,0,38.89,12.60827586,2,0.699059561,1,0.065830721,1337045,0,983801,10.17618288,6.593044534,0,14.10597251,0,13.79917892
164,163,THA,Thailand,2145241,20966,2567368997,75.93,56.08984985,4,3.211009174,2,1.370030581,93753156,3494673,41732668,14.57876246,9.950657357,21.66614747,18.35617589,15.06675037,17.54679479
165,164,TLS,Timor,0,0,4139601,87.04,60.22794562,4,3.44648318,3,1.67791411,1112223,0,465372,0,0,15.23610996,13.92187127,0,13.05059236
166,165,TGO,Togo,26304,243,123050638,69.44,45.65887147,4,3.87460815,2,0.636363636,1665087,0,567834,10.1774763,5.493061443,18.62810652,14.32538793,0,13.2495844
167,166,TON,Tonga,1,0,0,81.02,45.79748466,2,0.73006135,2,1.993865031,118185,0,45002,0,0,0,11.68000647,0,10.71446221
168,167,TTO,Trinidad and Tobago,75134,2262,49182668,92.59,72.58603834,4,3.865625,2,1.0625,1297311,0,648391,11.22702846,7.724004657,17.71105184,14.07580422,0,13.38224919
169,168,TUN,Tunisia,718443,25401,285396724,85.19,60.6275976,4,3.354740061,2,1.660550459,10731223,469349,5247095,13.48484165,10.14254382,19.46939078,16.18866809,13.05910191,15.47318515
170,169,TUR,Turkey,8903087,77830,20021608175,87.04,61.74751515,4,4,3,1.048929664,120910438,13884811,50653666,16.00190863,11.26228224,23.72007794,18.61056065,16.44630607,17.74052217
171,170,TKM,Turkmenistan,0,0,0,73.15,61.77885886,4,3.146788991,2,0.25477707,7580976,0,3206282,0,0,0,15.84115251,0,14.98062257
172,171,UGA,Uganda,127655,3254,395811835,87.04,62.1190184,4,2.941717791,2,1.935582822,4751422,0,912983,11.75708659,8.087640288,19.79644949,15.3739545,0,13.72447254
173,172,UKR,Ukraine,3668794,93734,2794955955,76.39,57.45149068,4,2.653250774,1,0.551083591,25559141,0,11826757,15.11537356,11.44821626,21.75108218,17.05650558,0,16.28587506
174,173,ARE,United Arab Emirates,742328,2148,17560690811,66.2,53.5048048,3,2.804281346,1,0.097859327,21548528,2914743,8832256,13.51754647,7.672292456,23.58892876,16.88581807,14.88529221,15.99392103
175,174,GBR,United Kingdom,10523316,146055,60171872501,87.96,59.77157576,3,3,2,0.617737003,117880359,20258417,46527302,16.16910392,11.89173854,24.82047085,18.58518076,16.82408092,17.65554984
176,175,USA,United States,0,0,1.53E+11,71.76,57.42853211,4,3.434250765,2,1.189602446,470297846,46219529,197440859,0,0,25.75370513,19.96887677,17.64891297,19.10094965
177,176,VIR,United States Virgin Islands,0,0,0,49.07,41.41644068,3,3,2,0.661016949,0,0,0,0,0,0,0,0,0
178,177,URY,Uruguay,400925,6134,805239215,87.04,61.0670303,2,2,1,0.886850153,6825827,1413713,2660281,12.90152966,8.721602345,20.50664995,15.73622406,14.16173013,14.79394231
179,178,UZB,Uzbekistan,194333,1418,0,71.3,44.88672673,3,2.944954128,1,0.094801223,34182226,0,0,12.17732846,7.257002707,0,17.34721636,0,0
180,179,VUT,Vanuatu,6,1,0,22.22,21.46114114,1,0.088685015,0,0,129582,0,40110,1.791759469,0,0,11.77206916,0,10.59938096
181,180,VEN,Venezuela,434918,5193,0,97.22,81.87498489,4,4,3,1.993883792,26314390,0,9858581,12.98291279,8.555066844,0,17.0856265,0,16.1038528
182,181,VNM,Viet0m,1309092,26260,1549448162,79.17,68.84753846,3,3,2,1.683076923,126846771,0,53691472,14.08484433,10.17580215,21.16116468,18.65849039,0,17.79876474
183,182,YEM,Yemen,10025,1954,0,37.96,29.58249249,2,1.513761468,2,1.633027523,774953,0,361351,9.212837252,7.577633833,0,13.56055766,0,12.79760506
184,183,ZMB,Zambia,210312,3667,575485104,60.19,42.34681682,4,2.892966361,1,0.290519878,1134766,0,731770,12.25634742,8.207129168,20.1707239,13.94193702,0,13.50322154
185,184,ZWE,Zimbabwe,139046,4710,255030147,87.96,61.42780781,4,3.252459016,2,1.813455657,6759589,0,2884043,11.84256009,8.457443187,19.35689232,15.72647265,0,14.87470369
